qid	batch	level	exercise_id	response_model	audit_category	exact_rejection_stage	similarity_jaccard	similarity_levenshtein	answer_preserved_in_evidence	expected_answer_preservation	source_options_unchanged	expected_grammar_target	candidate_adapted_text	candidate_adapted_answer	risk_or_uncertainty
3694	Historical Batch 1	A1	quiz-426	gap	A. GENUINE GRAMMAR / STRUCTURAL FAILURE	original_batch_execution	0.0	0.2105	True	Exact source answers preserved ('an', 'elephants')	True	Indefinite article 'an' before vowel-initial noun + regular plural suffix '-s'	In the wildlife park: {{gap_1}} elephant ⇒ two {{gap_2}}	an, elephants	None. Verified clean singular/plural pair.
3917	Historical Batch 1	A1	quiz-449	gap	A. GENUINE GRAMMAR / STRUCTURAL FAILURE	original_batch_execution	0.0	0.3191	True	Exact source answer preserved ('often make mistakes')	True	Adverb of frequency 'often' position immediately before lexical verb 'make'	During complex grammar exams, you make mistakes. (often) ⇒ You {{gap_1}}.	often make mistakes	None. Retains exact sentence prompt format.
4045	Historical Batch 1	A1	quiz-462	gap	A. GENUINE GRAMMAR / STRUCTURAL FAILURE	original_batch_execution	0.0625	0.2766	True	Exact source answer preserved ('him')	True	Object pronoun 'him' referring to singular masculine noun antecedent 'Mr. Harris'	Our new department manager is Mr. Harris. We invited {{gap_1}} to the company dinner.	him	None. Options ['he', 'him', 'her'] preserved exactly.
4054	Historical Batch 1	A1	quiz-463	gap	D. LIKELY FALSE POSITIVE	original_batch_execution	0.1429	0.3382	True	Exact source answers preserved ('They', 'her')	True	Subject pronoun 'They' (plural) and object pronoun 'her' (singular feminine)	Lisa and Mark visit their aunt every Sunday. ⇒ {{gap_1}} visit {{gap_2}} every Sunday.	They, her	None.
4188	Historical Batch 1	A1	quiz-479	gap	D. LIKELY FALSE POSITIVE	original_batch_execution	0.2381	0.3614	True	Exact source answer preserved ('many')	True	Quantifier 'many' with countable plural noun 'croissants' in negative statement	Because the bakery was nearly closed, we didn't find {{gap_1}} fresh croissants on display; perhaps two or three.	many	None.
4214	Historical Batch 1	A1	quiz-482	gap	D. LIKELY FALSE POSITIVE	original_batch_execution	0.2	0.4727	True	Exact source answer preserved ('noisier than')	True	Comparative adjective form 'noisier than' (y -> ier + than)	Our downtown cafeteria is {{gap_1}} (noisy) the quiet cafés near the university library.	noisier than	None.
4254	Historical Batch 1	A1	quiz-488	gap	D. LIKELY FALSE POSITIVE	original_batch_execution	0.1398	0.4558	True	All 10 source answers preserved in exact order	True	Future form 'be going to' across questions, affirmative statements, and negative statements	Dear Sam, {{gap_1}} (you/visit) our countryside cottage next month? Soon we {{gap_2}} (have) a welcoming dinner. It {{gap_3}} (be) a wonderful evening. I want a quiet workplace, so I {{gap_4}} (find) a comfortable desk. My cousins {{gap_5}} (pay) for all the groceries. My brother {{gap_6}} (not be) available because he {{gap_7}} (travel) across Spain this weekend. Our friends said they {{gap_8}} (fly) to Madrid; afterward they {{gap_9}} (go) to Seville. They {{gap_10}} (not come) back until late autumn. Best, Leo	Are you going to visit, are going to have, is going to be, am going to find, are going to pay, isn't going to be, is going to travel, are going to fly, are going to go, aren't going to come	Low. Multi-gap letter requires verifying base verb cues in text.
5069	Historical Batch 1	A1	quiz-593	single_choice	D. LIKELY FALSE POSITIVE	original_batch_execution	0.3571	0.5	True	"Exact source answer preserved (""Let's go"")"	True	Imperative suggestion with 'Let's go'	The heavy rain has finally stopped. _____ for a walk in the botanical gardens.	Let's go	None.
5085	Historical Batch 1	A1	quiz-594	gap	D. LIKELY FALSE POSITIVE	original_batch_execution	0.1579	0.3506	True	"Exact source answer preserved (""don't open"")"	True	Negative imperative 'don't open' in conversational response	"EMMA: ""I will open the balcony window."" LIAM: ""Please {{gap_1}} the window right now; the freezing wind is too strong."""	don't open	None.
5088	Historical Batch 1	A1	quiz-594	gap	D. LIKELY FALSE POSITIVE	original_batch_execution	0.1429	0.4375	True	"Exact source answer preserved (""let's not talk"")"	True	Negative suggestion with 'let's not talk'	"CLARA: ""Should we discuss office problems tonight?"" DAN: ""No, {{gap_1}} about office problems; let's enjoy our weekend."""	let's not talk	None.
5134	Historical Batch 1	A1	quiz-599	gap	C. GENUINE SHALLOW COPY / ORIGINALITY FAILURE	original_batch_execution	0.6667	0.7544	True	Exact source answer preserved ('have')	True	Transformation from 'Do you have' short response to 'have got' short response ('Yes, I have')	SPEAKER 1: Do you have extra notebooks for class? SPEAKER 2: Yes, I do. ⇒ SPEAKER 1: Have you got extra notebooks for class? SPEAKER 2: Yes, I {{gap_1}}.	have	Low. Short transformation sentence requires boundary-aware shingle avoidance.
5142	Historical Batch 1	A1	quiz-600	gap	C. GENUINE SHALLOW COPY / ORIGINALITY FAILURE	original_batch_execution	0.4286	0.6	True	"Exact source answer preserved (""didn't have"")"	True	Past tense transformation from present 'hasn't got' to past 'didn't have'	In the remote mountain village, the doctor hasn't got a car. ⇒ In the remote mountain village, the doctor {{gap_1}} a car.	didn't have	None.
5144	Historical Batch 1	A1	quiz-600	gap	C. GENUINE SHALLOW COPY / ORIGINALITY FAILURE	original_batch_execution	0.6	0.6552	True	Exact source answer preserved ('Did she have')	True	Past question transformation of 'Has she got ...?' to 'Did she have ...?'	Before the long overseas journey, has she got travel insurance? ⇒ Before the long overseas journey, {{gap_1}} travel insurance?	Did she have	None.
5736	Historical Batch 1	A1	quiz-670	single_choice	D. LIKELY FALSE POSITIVE	original_batch_execution	0.1667	0.3061	True	Exact source answer preserved ('and')	True	Coordinating conjunction of sequence 'and then'	The express train reaches Oxford at 6 p.m., _____ then we take a local bus.	and	None. Options ['but', 'and', 'or', 'because'] preserved exactly.
2823	Batch 4	A2	quiz-326	gap	C. GENUINE SHALLOW COPY / ORIGINALITY FAILURE	original_batch_execution	0.3712	0.5485	True	All 20 source answers preserved in exact original sequence	True	Past Simple narrative affirmative and negative irregular verbs across 20 blanks	Four autumns ago our research crew 1 {{gap_1}} (have) an expedition in the Yorkshire Dales. We 2 {{gap_2}} (drive) north from Cambridge, but our equipment van 3 {{gap_3}} (break) down near Leeds and we 4 {{gap_4}} (spend) the first night in a roadside tavern. When the team 5 {{gap_5}} (get) into the national park, we 6 {{gap_6}} (not can) secure the campsite we wanted; there 7 {{gap_7}} (not be) any pitches with electrical hookups. The leaders 8 {{gap_8}} (not know) where to pitch tents, but eventually our guides 9 {{gap_9}} (find) an old stone farmhouse and we 10 {{gap_10}} (stay) there for the entire survey. During the week we 11 {{gap_11}} (see) rare birds, 12 {{gap_12}} (go) into deep limestone caverns, and 13 {{gap_13}} (buy) organic supplies from local farmers. The scientists 14 {{gap_14}} (want) to map the high plateau, but our group 15 {{gap_15}} (not have) satellite devices and the ridge 16 {{gap_16}} (be) dangerously steep. The early mornings 17 {{gap_17}} (be) crisp and clear, but heavy fog 18 {{gap_18}} (start) gathering on the day we 19 {{gap_19}} (leave). Despite the challenges, everybody 20 {{gap_20}} (have) an unforgettable scientific experience.	had, drove, broke, spent, got, couldn't, weren't, didn't know, found, stayed, saw, went, bought, wanted, didn't have, was, was, started, left, had	Low. Verified 20 gaps match staging keys.
2847	Batch 4	A2	quiz-331	gap	C. GENUINE SHALLOW COPY / ORIGINALITY FAILURE	original_batch_execution	0.2037	0.3477	True	All 20 source answers preserved in exact original sequence	True	Narrative tenses: Past Simple vs Past Continuous across 20 verbs	When the volunteer team 1 {{gap_1}} (arrive) at the mountain base, Marcus 2 {{gap_2}} (wait) beside the rescue vehicle. He 3 {{gap_3}} (wear) heavy waterproof gear and he 4 {{gap_4}} (hold) an emergency radio. As soon as I 5 {{gap_5}} (get off) the transport truck, he 6 {{gap_6}} (run) towards the shelter and 7 {{gap_7}} (kiss) his daughter on the forehead. It 8 {{gap_8}} (rain) violently across the valley, so Marcus 9 {{gap_9}} (take off) his thermal jacket and 10 {{gap_10}} (put) the dry coat over her shoulders. The coordinator 11 {{gap_11}} (tell) everyone to stay inside the cabin, but the team 12 {{gap_12}} (insist) on starting the search. While the paramedic 13 {{gap_13}} (drive) through the mud, a scout 14 {{gap_14}} (throw) a safety flare into the fog. The chief 15 {{gap_15}} (smile) with relief, although he 16 {{gap_16}} (look) exhausted. The driver 17 {{gap_17}} (stop) suddenly near the creek. The rangers 18 {{gap_18}} (get out), and a guide 19 {{gap_19}} (kneel) beside the trail and 20 {{gap_20}} (take) a medical kit from his backpack.	arrived, was waiting, was wearing, was holding, got off, ran, kissed, was raining, took off, put, told, insisted, was driving, threw, was smiling, looked, stopped, got out, knelt, took	Low. Multi-gap length requires strict shingle verification.
2894	Batch 4	A2	quiz-336	single_choice	B. GENUINE ANSWER-PRESERVATION FAILURE	original_batch_execution	0.375	0.5079	False	"Exact source answer restored (""Are you going to drive / 'm going to be"")"	True	Future intention ('Are you going to drive') vs prediction with present evidence ('m going to be late)	6 A: ______ to the regional conference this morning? B: Yes, but extensive road repairs are scheduled, so I think I _____ late.	Are you going to drive / 'm going to be	None.
2952	Batch 4	A2	quiz-343	single_choice	B. GENUINE ANSWER-PRESERVATION FAILURE	original_batch_execution	0.125	0.4906	False	Exact source answer restored ('Who asked his boss')	True	Subject question with 'Who' (no auxiliary inversion): 'Who asked his boss ...?'	6 During the annual review, Lewis asked his boss for a department transfer. ⇒ _____ for a department transfer?	Who asked his boss	None.
2964	Batch 4	A2	quiz-346	single_choice	B. GENUINE ANSWER-PRESERVATION FAILURE	original_batch_execution	0.2	0.3115	False	"Exact source answer restored (""'ll read"")"	True	Spontaneous offer/decision with 'will' ('ll read) in conversational context	A: 'The tiny print on this legal disclaimer is completely illegible.' B: 'Don't worry. I _____ the contract for you.'	'll read	"None. Options [""'ll read"", ""'m reading"", ""'m going to read""] preserved exactly."
3067	Batch 4	A2	quiz-361	gap	C. GENUINE SHALLOW COPY / ORIGINALITY FAILURE	original_batch_execution	0.3077	0.5799	True	All 10 source answers preserved in exact sequence	True	Present Perfect vs Past Simple in life experience dialogue (ever/never vs specific past time)	CARL: 1 {{gap_1}} (you/ever/be) to Iceland on tour? NORA: I 2 {{gap_2}} (never/be) to Reykjavik, but our quartet would love to perform there. And your orchestra? CARL: 3 {{gap_3}} (you/ever/travel) across Scandinavia? NORA: Certainly. Our musicians 4 {{gap_4}} (be) to Oslo twice. In addition, our ensemble 5 {{gap_5}} (travel) to multiple cultural festivals in Northern Europe. CARL: 6 {{gap_6}} (you/be) to Stockholm as well? NORA: Yes, we performed in the concert hall. CARL: When 7 {{gap_7}} (you/go) there? NORA: Last winter, during the classical season. CARL: 8 {{gap_8}} (you/like) the acoustic hall? NORA: Absolutely, the acoustics 9 {{gap_9}} (be) extraordinary! Our choir 10 {{gap_10}} (spend) a memorable fortnight there.	Have you ever been, have never been, have you ever travelled, have been, have travelled, Have you been, did you go, Did you like, was, spent	Low.
3068	Batch 4	A2	quiz-362	gap	C. GENUINE SHALLOW COPY / ORIGINALITY FAILURE	original_batch_execution	0.3784	0.5737	True	All 10 source answers preserved in exact sequence	True	Present Perfect short answers and Past Simple follow-up questions	SIMON: 1 {{gap_1}} (you/ever/hear) the podcast series History Uncovered? TARA: No, I 2 {{gap_2}}. What historical topics do the producers investigate? SIMON: Ancient civilizations. I 3 {{gap_3}} (see) an interview with the host recently. TARA: 4 {{gap_4}} (be) the discussion informative? SIMON: Definitely, our study group 5 {{gap_5}} (like) the analysis immensely. GREG: 6 {{gap_6}} (you/ever/lose) your passport abroad? MAYA: Yes, I 7 {{gap_7}}. GREG: Where 8 {{gap_8}} (it/happen)? MAYA: In Vienna. Our delegation 9 {{gap_9}} (be) there for an academic symposium. GREG: What 10 {{gap_10}} (you/do) at the consulate?	Have you ever heard, haven't, saw, Was, liked, Have you ever lost, have, did it happen, was, did you do	Low.
3361	Batch 4	A2	quiz-391	single_choice	D. LIKELY FALSE POSITIVE	original_batch_execution	0.1579	0.4937	True	Exact source answer preserved ('mine/hers')	True	Possessive pronouns 'mine' and 'hers' in compound response choice	"7 ""We found expensive wireless headphones in the lecture hall; whose property are they?"" ""They are certainly not _____. Speak with Clara after class; perhaps they are _____."""	mine/hers	None.
3365	Batch 4	A2	quiz-392	gap	D. LIKELY FALSE POSITIVE	original_batch_execution	0.1241	0.3014	True	All 10 source answers preserved in exact original sequence	True	Subject, object, and possessive pronouns across a letter (your, you, her, she, them, they, Its, it, we, our)	Dear Elena, Thanks for 1 {{gap_1}} detailed letter. It was wonderful to receive news from 2 {{gap_2}}. Our department was thrilled to hear that you partnered with Sophie on the research initiative. I know you will support 3 {{gap_3}} during the project, and 4 {{gap_4}} will assist you brilliantly. How did the supervisors react when you presented 5 {{gap_5}} the findings? Weren't 6 {{gap_6}} impressed? In addition, our team adopted a stray puppy last month. 7 {{gap_7}} coat is golden brown. My sister and I found 8 {{gap_8}} outside the library, and 9 {{gap_9}} decided to care for the little animal together. We are delighted with 10 {{gap_10}} new companion! Warm regards, Marcus.	your, you, her, she, them, they, Its, it, we, our	None.
3382	Batch 4	A2	quiz-394	single_choice	B. GENUINE ANSWER-PRESERVATION FAILURE	original_batch_execution	0.0526	0.3188	False	"Exact source answer restored (""'d tell"")"	True	Second conditional consequence clause: 'would' + bare infinitive ('d tell)	7 We are uncertain about the conference schedule. If we knew the exact timetable, I _____ you immediately.	'd tell	None.
3579	Batch 4	A2	quiz-416	gap	C. GENUINE SHALLOW COPY / ORIGINALITY FAILURE	original_batch_execution	0.3846	0.525	True	Exact source answer preserved ('I had to show her my passport')	True	Reported speech transformation of obligation ('must' -> 'had to' + 1st person pronoun shift)	'At the border gate, you must show me your passport,' instructed the border official. ⇒ The border official insisted that {{gap_1}}.	I had to show her my passport	None. Aligns 100% with staging.db source answer.
4501	Batch 4	A2	quiz-345	gap	C. GENUINE SHALLOW COPY / ORIGINALITY FAILURE	original_batch_execution	0.186	0.3512	True	All 3 source answers preserved in exact original sequence (gap 1 = are you leaving, gap 2 = 'm taking, gap 3 = 'm going to buy)	True	Future forms: Present Continuous for scheduled travel arrangement vs 'be going to' for prior intention	MARK: At what hour 1 {{gap_1}} for the design conference tomorrow? NICOLE: At dawn. I 2 {{gap_2}} the early airport express shuttle. MARK: And what about the demonstration equipment? NICOLE: I haven't selected any hardware yet, but I 3 {{gap_3}} portable displays this afternoon.	are you leaving, 'm taking, 'm going to buy	None. Fixes the gap sequence inversion from TASK-016D.
4852	Batch 4	A2	quiz-568	gap	C. GENUINE SHALLOW COPY / ORIGINALITY FAILURE	original_batch_execution	0.2062	0.3459	True	All 20 source answers preserved in exact original order matching staging.db	True	Review of mixed tenses (Present Continuous, Past Simple, Past Continuous, will, going to) across 20 dialogue gaps	LEO: Reception desk? CLARA: Good morning, Leo; it’s Clara from Logistics. LEO: Hello, Clara. Is the dispatch ready? CLARA: Yes, I 1 {{gap_1}} to confirm the delivery for Patrick. Do you know what 2 {{gap_2}} to the consignment yesterday? LEO: No idea, what occurred? CLARA: Well, the courier 3 {{gap_3}} emergency fuel, so the van 4 {{gap_4}} to a rural service station. While the driver 5 {{gap_5}} the cash from the safe, he 6 {{gap_6}} a dropped parcel on the ground. When he 7 {{gap_7}} the crate, there was valuable electronic equipment! LEO: Truly? 8 {{gap_8}}? CLARA: No! It is genuine cargo. LEO: What 9 {{gap_9}} the supervisor with the crate now? CLARA: The dispatcher 10 {{gap_10}}. However, management assumes the rightful client 11 {{gap_11}} to the central depot today. LEO: And afterward? CLARA: The station master declared he 12 {{gap_12}} the shipment back to customs. LEO: Maybe it is counterfeit merchandise! CLARA: In that scenario I doubt the recipient 13 {{gap_13}} the parcel. LEO: If nobody claims the freight, we 14 {{gap_14}} Patrick to sponsor a celebration dinner! CLARA: Definitely! By the way, what 15 {{gap_15}} when the alarm sounded? LEO: The warehouse crew 16 {{gap_16}} the loading bay. CLARA: 17 {{gap_17}} anything urgent once the inspection ends? LEO: Nothing scheduled. Why? Fancy grabbing lunch? CLARA: Delighted! The last occasion I 18 {{gap_18}} for lunch, I 19 {{gap_19}} with Jeremy during the merger. LEO: Excellent. I 20 {{gap_20}} you up in front of building B.	’m calling, happened, needed, went, was taking, noticed, opened, Are you joking, is he going to do, doesn’t know, will go, is going to give, will reclaim, ’ll tell, were you doing, was cleaning, Are you doing, went, was still going out, ’ll pick	Low. Multi-gap dialogue verified against staging keys.
7139	Batch 4	A2	quiz-833	gap	D. LIKELY FALSE POSITIVE	original_batch_execution	0.0769	0.2973	True	Exact source answer preserved ('has')	True	Present Simple third-person singular verb 'has' for possession/attributes	10 The senior architect {{gap_1}} extensive experience in sustainable urban design.	has	None. Options ['are having', 'is having', 'has'] preserved exactly.
