qid	batch	level	exercise_id	response_model	adaptation_status	rejection_stage	answer_preservation_passed	structural_validation_passed	rejected_by_similarity	rejected_by_structural_validation	rejected_by_ai_review	similarity_jaccard	similarity_levenshtein	matched_shingles	gap_count_source	gap_count_adapted	option_count_source	option_count_adapted	ai_review_status	generation_timestamp	rejection_reason
3694	Historical Batch 1	A1	quiz-426	gap	REJECTED	original_batch_execution	True	True	False	True	False	0.0	0.2105	NONE	2	2	0	0	NULL	2026-09-30T20:34:16.820922+00:00	Passes all originality thresholds (Jaccard <= 0.40, Levenshtein calibrated, 0 forbidden shingles).; Indefinite article 'an' is ungrammatical before plural noun 'enormous'.
3917	Historical Batch 1	A1	quiz-449	gap	REJECTED	original_batch_execution	True	True	False	True	False	0.0	0.3191	NONE	1	1	0	0	NULL	2026-09-30T20:34:16.820922+00:00	Passes all originality thresholds (Jaccard <= 0.40, Levenshtein calibrated, 0 forbidden shingles).; singular_plural: Subject/demonstrative number shifted between singular and plural.; pronoun: Grammatical person shifted (1st, 2nd, or 3rd person).; Plural/compound subject conflicts with singular verb form 'often make mistakes'.
4254	Historical Batch 1	A1	quiz-488	gap	REJECTED	original_batch_execution	True	True	True	False	False	0.1398	0.4558	and then they	10	10	0	0	NULL	2026-09-30T20:34:16.820922+00:00	Forbidden verbatim 3+ word shingle detected: 'and then they'; gender: Gender of primary person shifted.; countability: Countable vs uncountable noun environment shifted.
4214	Historical Batch 1	A1	quiz-482	gap	REJECTED	original_batch_execution	True	True	True	False	False	0.2	0.4727	NONE	1	1	0	0	NULL	2026-09-30T20:34:16.820922+00:00	Forbidden verbatim 3+ word shingle detected: 'is noisy the'
5736	Historical Batch 1	A1	quiz-670	single_choice	REJECTED	original_batch_execution	True	True	True	False	False	0.1667	0.3061	NONE	0	0	4	4	NULL	2026-09-30T20:34:16.820922+00:00	Forbidden verbatim 3+ word shingle detected: 'p m then'; pronoun: Grammatical person shifted (1st, 2nd, or 3rd person).
5134	Historical Batch 1	A1	quiz-599	gap	REJECTED	original_batch_execution	True	True	True	False	False	0.6667	0.7544	yes i do, you got a	1	1	0	0	NULL	2026-09-30T20:34:16.820922+00:00	Forbidden verbatim 3+ word shingle detected: 'a do you' (+6 more); Jaccard token similarity (0.7000) exceeds rejection threshold (> 0.50).
5142	Historical Batch 1	A1	quiz-600	gap	REJECTED	original_batch_execution	True	True	True	False	False	0.4286	0.6	hasn't got a	1	1	0	0	NULL	2026-09-30T20:34:16.820922+00:00	Forbidden verbatim 3+ word shingle detected: 'hasn't got a'; Jaccard token similarity (0.4286) is in review zone (0.40 < J <= 0.50).; gender: Gender of primary person shifted.
5144	Historical Batch 1	A1	quiz-600	gap	REJECTED	original_batch_execution	True	True	True	False	False	0.6	0.6552	has got a	1	1	0	0	NULL	2026-09-30T20:34:16.820922+00:00	Forbidden verbatim 3+ word shingle detected: 'has got a'; Jaccard token similarity (0.6000) exceeds rejection threshold (> 0.50).
5069	Historical Batch 1	A1	quiz-593	single_choice	REJECTED	original_batch_execution	True	True	True	False	False	0.3571	0.5	there is a	0	0	3	3	NULL	2026-09-30T20:34:16.820922+00:00	Forbidden verbatim 3+ word shingle detected: 'there is a'
5085	Historical Batch 1	A1	quiz-594	gap	REJECTED	original_batch_execution	True	True	True	False	False	0.1579	0.3506	NONE	1	1	0	0	NULL	2026-09-30T20:34:16.820922+00:00	Forbidden verbatim 3+ word shingle detected: 'a i will'
5088	Historical Batch 1	A1	quiz-594	gap	REJECTED	original_batch_execution	True	True	True	False	False	0.1429	0.4375	NONE	1	1	0	0	NULL	2026-09-30T20:34:16.820922+00:00	Forbidden verbatim 3+ word shingle detected: 'b no about'; singular_plural: Subject/demonstrative number shifted between singular and plural.; pronoun: Grammatical person shifted (1st, 2nd, or 3rd person).
4188	Historical Batch 1	A1	quiz-479	gap	REJECTED	original_batch_execution	True	True	True	False	False	0.2381	0.3614	two or three	1	1	0	0	NULL	2026-09-30T20:34:16.820922+00:00	Forbidden verbatim 3+ word shingle detected: 'two or three'; pronoun: Grammatical person shifted (1st, 2nd, or 3rd person).
4045	Historical Batch 1	A1	quiz-462	gap	REJECTED	original_batch_execution	True	True	False	True	False	0.0625	0.2766	NONE	1	1	3	3	NULL	2026-09-30T20:34:16.820922+00:00	Passes all originality thresholds (Jaccard <= 0.40, Levenshtein calibrated, 0 forbidden shingles).; singular_plural: Subject/demonstrative number shifted between singular and plural.; gender: Gender of primary person shifted.; pronoun: Grammatical person shifted (1st, 2nd, or 3rd person).; Feminine subject antecedent conflicts with masculine pronoun answer 'him'.
4054	Historical Batch 1	A1	quiz-463	gap	REJECTED	original_batch_execution	True	True	False	True	False	0.1429	0.3382	NONE	2	2	0	0	NULL	2026-09-30T20:34:16.820922+00:00	Passes all originality thresholds (Jaccard <= 0.40, Levenshtein calibrated, 0 forbidden shingles).; gender: Gender of primary person shifted.; Masculine subject antecedent conflicts with feminine pronoun answer 'her'.
2847	Batch 4	A2	quiz-331	gap	REJECTED	original_batch_execution	True	True	True	False	False	0.2037	0.3477	arrive at the, get of the	20	20	0	0	NULL	2026-10-01T07:03:32.750815+00:00	High-confidence shallow copy: verbatim shingle(s) ['arrive at the', 'get of the'] with elevated similarity (Jaccard=0.2037, Lev=0.3477).
2823	Batch 4	A2	quiz-326	gap	REJECTED	original_batch_execution	True	True	True	True	False	0.3712	0.5485	and it 16, and we 4, but it 18, but we 15, not be any, stay there for, when we 5	20	20	0	0	NULL	2026-10-01T07:03:32.750815+00:00	High-confidence shallow copy: verbatim shingle(s) ['and it 16', 'and we 4'] with elevated similarity (Jaccard=0.3712, Lev=0.5485).; countability: Countable vs uncountable noun environment shifted.; Plural/compound subject conflicts with singular verb form 'was'.; Plural/compound subject conflicts with singular verb form 'was'.
4501	Batch 4	A2	quiz-345	gap	REJECTED	original_batch_execution	True	True	True	False	False	0.186	0.3512	not yet because, yet because i	3	3	9	9	NULL	2026-10-01T07:03:32.750815+00:00	High-confidence shallow copy: verbatim shingle(s) ['not yet because', 'yet because i'] with elevated similarity (Jaccard=0.1860, Lev=0.3512).; singular_plural: Subject/demonstrative number shifted between singular and plural.
2964	Batch 4	A2	quiz-346	single_choice	REJECTED	original_batch_execution	False	True	False	False	True	0.2	0.3115	NONE	0	0	3	3	REJECT	2026-10-01T07:03:32.750815+00:00	"Passes all originality thresholds (Jaccard <= 0.40, Levenshtein calibrated, 0 forbidden shingles).; Correct answer diverged from source: source=[""'ll read""], adapted=[""'ll carry""]. Flagged for review.; AI Review: REJECT - Answer divergence: target answer not preserved in adapted context."
3067	Batch 4	A2	quiz-361	gap	REJECTED	original_batch_execution	True	True	True	False	False	0.3077	0.5799	yes i 4, yes it 9	10	10	0	0	NULL	2026-10-01T07:03:32.750815+00:00	High-confidence shallow copy: verbatim shingle(s) ['yes i 4', 'yes it 9'] with elevated similarity (Jaccard=0.3077, Lev=0.5799).; gender: Gender of primary person shifted.
3068	Batch 4	A2	quiz-362	gap	REJECTED	original_batch_execution	True	True	True	True	False	0.3784	0.5737	i really 5, no i 2, yes i 7, yes i really	10	10	0	0	NULL	2026-10-01T07:03:32.750815+00:00	High-confidence shallow copy: verbatim shingle(s) ['i really 5', 'no i 2'] with elevated similarity (Jaccard=0.3784, Lev=0.5737).; Plural/compound subject conflicts with singular verb form 'Was'.; Plural/compound subject conflicts with singular verb form 'was'.
3579	Batch 4	A2	quiz-416	gap	REJECTED	original_batch_execution	True	True	True	False	False	0.3846	0.525	must me your, you must me	1	1	0	0	NULL	2026-10-01T07:03:32.750815+00:00	High-confidence shallow copy: verbatim shingle(s) ['must me your', 'you must me'] with elevated similarity (Jaccard=0.3846, Lev=0.5250).
4852	Batch 4	A2	quiz-568	gap	REJECTED	original_batch_execution	True	True	True	False	False	0.2062	0.3459	in that case, last time i, the last time	20	20	60	60	NULL	2026-10-01T07:03:32.750815+00:00	High-confidence shallow copy: verbatim shingle(s) ['in that case', 'last time i'] with elevated similarity (Jaccard=0.2062, Lev=0.3459).; gender: Gender of primary person shifted.
3382	Batch 4	A2	quiz-394	single_choice	REJECTED	original_batch_execution	False	True	False	False	True	0.0526	0.3188	NONE	0	0	3	3	REJECT	2026-10-01T07:03:32.750815+00:00	"Passes all originality thresholds (Jaccard <= 0.40, Levenshtein calibrated, 0 forbidden shingles).; Correct answer diverged from source: source=[""'d tell""], adapted=[""'d drive""]. Flagged for review.; pronoun: Grammatical person shifted (1st, 2nd, or 3rd person).; AI Review: REJECT - Answer divergence: target answer not preserved in adapted context."
7139	Batch 4	A2	quiz-833	gap	REJECTED	original_batch_execution	True	True	False	True	False	0.0769	0.2973	NONE	1	1	3	3	NULL	2026-10-01T07:03:32.750815+00:00	Passes all originality thresholds (Jaccard <= 0.40, Levenshtein calibrated, 0 forbidden shingles).; pronoun: Grammatical person shifted (1st, 2nd, or 3rd person).; Plural/compound subject conflicts with singular verb form 'has'.
3361	Batch 4	A2	quiz-391	single_choice	REJECTED	original_batch_execution	True	True	True	True	False	0.1579	0.4937	NONE	0	0	3	3	NULL	2026-10-01T07:03:32.750815+00:00	Normalized Levenshtein similarity (0.4937) exceeds threshold (< 0.45) on standard text (len=79).; Plural/compound subject conflicts with singular verb form 'mine/hers'.
3365	Batch 4	A2	quiz-392	gap	REJECTED	original_batch_execution	True	True	False	True	False	0.1241	0.3014	NONE	10	10	0	0	NULL	2026-10-01T07:03:32.750815+00:00	Passes all originality thresholds (Jaccard <= 0.40, Levenshtein calibrated, 0 forbidden shingles).; countability: Countable vs uncountable noun environment shifted.; Masculine subject antecedent conflicts with feminine pronoun answer 'her'.; Plural/compound subject conflicts with singular verb form 'Its'.
2952	Batch 4	A2	quiz-343	single_choice	REJECTED	original_batch_execution	False	True	True	False	True	0.125	0.4906	NONE	0	0	3	3	REJECT	2026-10-01T07:03:32.750815+00:00	Normalized Levenshtein similarity (0.4906) exceeds threshold (< 0.45) on standard text (len=53).; Correct answer diverged from source: source=['Who asked his boss'], adapted=['Who asked his teacher']. Flagged for review.; AI Review: REJECT - Answer divergence: target answer not preserved in adapted context.
2894	Batch 4	A2	quiz-336	single_choice	REJECTED	original_batch_execution	False	True	False	False	True	0.375	0.5079	yes but the	0	0	3	3	REJECT	2026-10-01T07:03:32.750815+00:00	"Verbatim shingle detected 'yes but the' with moderate/low similarity (Jaccard=0.3750 <= 0.40, Lev=0.5079 < 0.55). Routed to AI review.; Correct answer diverged from source: source=[""Are you going to drive / 'm going to be""], adapted=[""Are you going to fly / 'm going to be""]. Flagged for review.; countability: Countable vs uncountable noun environment shifted.; AI Review: REJECT - Answer divergence: target answer not preserved in adapted context."
